A0KYQ5	3.5.1.25
A0KYQ6	2.7.1.59
A0KYQ7	3.5.99.6
A0LEA5	2.6.1.83
A0LFF8	1.1.1.37
A0LR22	3.2.2.26
A0LRH8	3.5.4.40
A0QI26	2.5.1.6
A0QJI1	3.1.3.3
A0QLU8	2.7.2.1
A0QPD4	2.4.2.47
A0QPF9	2.7.7.24
A0QQ70	3.6.3.27
A0QQJ4	1.1.98.2
A0QQK1	2.7.2.1
A0QQZ8	2.4.1.250
A0QR01	2.7.13.3
A0QRD3	4.1.3.36
A0QS66	2.7.7.6
A0QSK5	5.1.3.13
A0QSK6	4.2.1.46
A0QSL8	2.7.7.6
A0QTF8	1.1.1.133
A0QU81	5.4.99.5
A0QUW7	6.5.1.2
A0QUZ4	2.7.7.68
A0QVQ8	1.4.1.1
A0QW28	2.4.2.47
A0QWG6	2.4.1.57
A0QWT1	2.7.7.6
A0QYS8	2.1.3.3
A0QZ42	6.3.2.n2
A0QZ46	3.4.25.1
A0QZ47	3.4.25.1
A0R043	2.4.1.57
A0R066	2.6.1.42
A0R0S4	2.5.1.86
A0R0W9	3.2.1.28
A0R1C2	1.4.1.2
A0R211	2.7.8.35
A0R2E6	2.4.1.266
A0R2W4	2.5.1.68
A0R2W9	3.5.1.115
A0R3C4	3.6.1.8
A0R3D3	3.1.1.29
A0R3H2	6.3.3.2
A0R3N5	5.4.99.5
A0R4R3	1.14.13.142
A0R4S9	1.3.99.4
A0R564	2.7.7.85
A0R5C5	5.1.3.2
A0R5M8	2.1.1.44
A0R5M9	3.5.1.118
A0R5T2	6.5.1.1
A0R5Z2	2.4.1.287
A0R607	1.1.98.3
A0R610	1.1.1.333
A1A048	3.2.1.156
A1A278	3.2.1.78
A1A399	3.2.1.23
A1ADJ6	2.3.1.136
A1B195	4.2.1.77
A1B196	1.5.1.49
A1BBM5	5.1.1.8
A2RH76	3.6.4.12
A2RH77	3.6.4.12
A2RIB7	1.6.99.3
A2RJT9	1.3.98.1
A3DDX7	1.4.1.16
A3DH67	3.2.1.176
A3DIH0	3.2.1.55
A3DK17	2.6.1.83
A3M4A9	5.1.1.8
A3PPJ8	5.1.1.8
A3QFI1	5.1.1.8
A3SK19	4.4.1.3
A4F7P3	2.4.1.278
A4F7P5	2.1.1.254
A4ISB9	1.1.1.192
A4IT49	1.5.1.45
A4VFY3	2.7.2.4
A4VJB4	2.7.2.4
A4VND8	1.8.2.2
A4WA78	4.2.1.8
A4X3Q0	2.5.1.94
A4XF23	4.2.1.8
A5F5Y3	2.7.1.180
A5F692	2.5.1.55
A5FB63	3.2.1.14
A5HZ59	1.5.1.24
A5HZZ9	3.4.24.69
A5IKD4	3.2.1.99
A5TY85	2.7.11.1
A5U029	2.1.1.79
A5U493	3.5.2.6
A5U4N0	2.7.1.20
A5U866	2.1.1.79
A5U8S6	4.1.1.11
A5V6Z0	4.2.1.8
A5VZY6	5.1.1.8
A6QDL6	1.1.1.27
A6QGB8	2.1.1.192
A6QGC0	2.7.11.1
A6QHR2	6.1.1.1
A6QJK4	2.7.13.3
A6QK89	1.1.1.27
A6T923	1.14.13.113
A6VKV4	4.1.1.49
A6VRA1	4.2.1.8
A6WW16	5.1.1.8
A6WXX7	5.1.1.8
A7HD43	2.7.13.3
A7MRY4	2.7.13.3
A7N6S2	2.7.13.3
A7Z4Y0	2.3.1.39
A8H392	4.2.1.77
A9AKH1	1.5.1.49
A9ALD3	1.5.1.49
A9AQW9	5.1.1.8
A9BEU2	2.4.1.268
A9BHI9	2.4.1.266
A9BHJ0	2.4.1.270
A9CH39	4.1.99.13
A9CIM3	2.7.8.24
A9CJC9	4.1.99.3
A9CK16	3.5.4.33
A9CKB4	5.1.1.8
A9KHK4	2.4.1.247
A9KIW5	2.4.1.211
A9KM56	2.4.1.282
A9KQ75	2.4.1.211
A9KT32	2.4.1.279
A9KTB9	3.2.1.67
A9WC34	4.2.1.148
A9WC36	5.4.1.3
A9WC41	4.2.1.153
A9WGE2	4.1.3.46
B0B9D1	2.1.1.297
B0RP51	2.7.1.90
B0T0B1	4.2.1.8
B0T4L2	4.2.1.8
B0VB44	5.1.1.8
B1ELW6	4.2.1.8
B1JL34	2.4.2.1
B1KJ76	4.2.1.77
B2HIL7	2.3.1.41
B2HP50	2.5.1.6
B2HPZ3	2.7.2.1
B2IZD3	3.6.5.5
B2J1M1	4.1.99.5
B2J4A4	4.2.3.90
B2J528	4.3.1.24
B2JF31	2.1.1.228
B2RLK2	3.4.22.47
B2UCA8	4.2.1.6
B3D6W2	5.1.1.8
B3PC73	3.2.1.131
B3PDB1	4.2.1.8
B3PEE6	2.4.1.161
B3PGJ1	3.2.1.22
B4EDA2	2.5.1.55
B4EHE6	5.1.1.8
B5F9P4	2.5.1.7
B5GS26	4.2.3.97
B5GW45	4.2.3.98
B5RAG0	4.2.1.8
B5XK69	4.2.1.53
B5ZA76	3.1.1.72
B7GPC7	3.2.1.96
B7JBP8	1.8.5.4
B8DZK4	5.1.3.11
B8GWS6	2.7.7.7
B8H1Z0	1.1.1.175
B8ZSN3	2.3.3.9
B8ZT86	5.4.2.11
B8ZUN3	2.5.1.78
B9E972	4.2.1.53
B9J8G8	5.1.1.8
B9J8S0	3.5.4.11
B9JHU6	5.1.1.8
B9JQV3	5.1.1.8
B9K4G4	4.2.1.77
B9K7M6	2.4.1.20
B9KDD4	2.4.99.19
C0H3U9	4.1.1.61
C0H3X7	2.3.2.3
C0QRP9	3.1.3.70
C0QRQ2	2.4.1.266
C0SPA0	3.2.1.41
C3JXY0	2.7.2.4
C5B2R8	1.5.1.47
C6CRV0	3.2.1.8
C6D9S0	4.2.1.8
C6L862	3.1.1.81
C8WJZ5	3.1.4.57
C8WV58	3.2.1.23
D0B707	2.7.8.24
D0ZLR2	4.1.2.14
D0ZLR3	4.3.1.29
D0ZV89	2.7.13.3
D2AV87	5.1.1.8
D2QN44	5.1.1.8
D3DFG8	3.1.3.3
D3DFP8	3.1.3.3
D3JV05	3.1.2.30
D3RVD4	1.8.2.2
D3T426	3.2.1.67
D4GJ14	4.2.1.39
D4ZX34	3.1.21.4
D4ZX35	2.1.1.37
D5AP78	2.1.1.210
D5E0A1	3.5.1.47
D5EV35	3.1.1.72
D5EXZ4	3.1.1.73
D5SQS4	5.1.1.8
D5WYQ5	1.8.2.2
D6XZ22	2.4.1.332
D7A0Y0	1.5.1.49
D7A0Y1	4.2.1.77
D7A0Y3	5.1.1.8
D7BPX0	4.2.1.39
D7GXF9	3.2.1.178
D7GXG0	3.2.1.178
D7GXG4	3.2.1.81
D9SM34	3.2.1.23
D9TT09	2.4.1.329
E0IWI3	4.1.1.20
E0J5J4	2.7.1.45
E0X9C7	2.7.13.3
E3PRJ4	5.4.3.4
E3PRJ5	5.4.3.4
E3PY95	5.4.3.5
E3PY96	5.4.3.5
E6UBR9	2.4.1.319
E6UIS7	2.4.1.281
E8ME30	1.1.1.27
E8MF10	5.1.3.2
E8MF11	2.7.7.12
E8MF12	2.7.1.162
E8MF13	2.4.1.211
E8MGH8	3.2.1.185
E8MGH9	3.2.1.187
F2JXJ3	1.4.3.20
F2MMP6	2.4.2.9
F8G0M4	1.14.13.163
F8JX40	1.2.1.69
G0FS68	2.7.1.179
G0L322	3.2.1.81
G1UBD1	1.14.18.3
G2JZ44	3.6.3.32
G2NFJ9	3.2.1.58
G3XD01	2.3.1.201
G3XD12	1.4.99.5
G3XD23	1.1.1.335
G3XD61	5.1.3.23
G3XD67	1.4.99.5
G3XD76	2.3.1.117
G3XD94	1.1.1.136
G4STG9	2.7.1.90
G7TAD9	4.2.1.8
G8JZS4	3.2.1.3
G9F1Y9	1.3.1.31
H2IFE7	1.2.1.92
H2IFX0	5.5.1.25
H2VFI5	3.2.1.183
H8L901	5.1.1.13
H8L902	6.3.1.12
I3VRU1	3.2.1.67
I6WZK7	1.16.3.1
L0DSL2	1.7.2.2
L0TC47	3.1.1.1
O05268	1.18.1.2
O05306	3.2.2.n1
O05508	3.2.1.86
O05510	2.7.1.4
O05511	5.3.1.8
O05512	3.2.1.78
O05518	2.3.1.234
O06159	2.3.1.168
O06350	3.1.1.1
O06769	3.5.1.23
O06961	2.7.2.15
O06995	5.4.2.6
O07003	3.2.1.64
O07012	3.2.1.23
O07013	3.2.1.89
O07177	2.7.1.175
O07564	1.1.1.361
O07565	3.1.3.92
O07566	2.6.1.104
O07584	2.3.1.n4
O07608	2.7.7.63
O07777	2.7.13.3
O07778	2.7.13.3
O07855	1.3.8.2
O24872	6.3.3.3
O24990	1.3.1.9
O25001	3.5.2.6
O25046	3.5.4.4
O25080	3.1.1.72
O25094	2.3.1.202
O25103	3.5.2.6
O25130	2.6.1.92
O25503	2.5.1.16
O25511	4.2.1.115
O25533	2.7.1.33
O25613	3.5.4.16
O25683	3.1.4.17
O25711	3.6.1.3
O25830	2.5.1.15
O25836	3.5.1.49
O25909	2.4.2.19
O25927	2.3.1.129
O26010	2.7.7.3
O31041	4.2.1.28
O31440	1.11.2.4
O31452	3.1.1.1
O31461	2.6.1.42
O31502	2.7.1.107
O31521	3.2.1.172
O31526	4.2.2.23
O31529	3.2.1.23
O31534	1.14.99.3
O31611	2.7.6.5
O31612	2.7.1.23
O31614	3.6.1.17
O31616	1.4.3.19
O31618	2.8.1.10
O31632	4.4.1.8
O31644	2.7.1.69
O31661	2.7.13.3
O31662	5.3.1.23
O31663	2.7.1.100
O31666	5.3.2.5
O31667	3.1.3.87
O31668	4.2.1.109
O31671	2.7.13.3
O31675	6.3.4.20
O31677	4.3.99.3
O31678	1.7.1.13
O31749	2.7.4.22
O31778	2.8.4.3
O31852	3.4.19.11
O32129	2.8.1.8
O32164	2.8.1.7
O32193	2.7.13.3
O32210	1.1.1.283
O32215	3.6.4.12
O32220	3.6.3.54
O32223	1.1.1.371
O32513	4.2.1.11
O33289	2.3.1.1
O33407	3.1.1.1
O33599	3.4.24.75
O33799	2.4.2.8
O33833	3.2.1.26
O33927	3.4.21.88
O34154	2.7.1.30
O34340	2.3.1.179
O34351	2.3.2.22
O34425	1.2.1.59
O34427	2.7.13.3
O34431	3.6.3.8
O34450	3.5.1.25
O34453	1.14.13.165
O34484	3.4.11.18
O34499	3.1.1.31
O34507	2.7.11.1
O34508	5.1.1.20
O34514	4.2.1.113
O34529	2.7.1.11
O34559	3.2.1.172
O34598	3.5.4.3
O34600	3.1.3.7
O34661	1.1.1.169
O34676	5.4.3.2
O34707	4.2.3.130
O34714	4.1.1.2
O34750	3.6.4.13
O34757	2.7.13.3
O34787	2.3.1.39
O34790	2.5.1.n9
O34797	2.7.7.3
O34825	2.3.1.39
O34916	3.5.1.47
O34925	2.4.2.1
O34926	1.14.15.13
O35002	3.4.21.102
O35013	3.6.1.55
O50174	1.2.1.71
O50406	5.5.1.16
O51265	2.7.8.24
O51345	6.1.1.17
O51419	2.7.4.6
O51602	5.4.2.11
O52327	2.4.2.43
O52552	4.2.1.144
O52582	1.8.1.14
O52631	1.2.1.12
O52762	1.11.1.6
O53512	2.5.1.54
O53521	6.2.1.3
O53551	6.2.1.3
O53585	2.4.1.288
O53857	2.7.13.3
O54438	1.1.1.100
O66036	2.7.7.4
O66440	4.2.1.10
O66490	2.7.4.3
O66496	2.5.1.55
O66529	2.5.1.78
O66540	4.1.2.4
O66608	6.3.4.18
O66610	6.3.5.7
O66615	4.1.1.50
O66647	6.1.1.11
O66663	2.4.99.12
O66667	4.1.1.37
O66742	3.1.1.96
O66747	1.1.1.302
O67010	2.1.1.215
O67049	1.1.1.25
O67050	3.5.4.33
O67060	2.7.1.148
O67082	3.1.26.3
O67161	1.2.1.12
O67262	4.1.1.20
O67298	6.1.1.10
O67315	2.5.1.7
O67322	3.6.1.15
O67463	2.1.1.228
O67496	1.17.7.3
O67505	1.3.1.9
O67528	2.7.4.6
O67610	1.1.1.100
O67618	3.6.5.n1
O67680	2.1.1.182
O67788	4.2.1.109
O67914	2.4.2.9
O68100	2.1.1.133
O68282	1.1.1.49
O68965	1.1.1.18
O69721	1.3.1.12
O69729	2.7.13.3
O83369	5.2.1.8
O83553	2.7.1.90
O83774	2.7.1.180
O84395	2.6.1.83
O84546	6.1.1.23
O84835	1.17.4.1
O85040	4.1.1.39
O85140	2.3.1.39
O85673	1.14.12.1
O85674	1.14.12.1
O85675	1.18.1.3
O86034	1.1.1.30
O86224	2.7.1.166
O86737	3.5.4.40
P00350	1.1.1.44
P00363	1.3.5.4
P00370	1.4.1.4
P00452	1.17.4.1
P00490	2.4.1.1
P00497	2.4.2.14
P00509	2.6.1.1
P00547	2.7.1.39
P00634	3.1.3.1
P00691	3.2.1.1
P00722	3.2.1.23
P00803	3.4.21.89
P00804	3.4.23.36
P00805	3.5.1.1
P00811	3.5.2.6
P00816	4.2.1.104
P00864	4.1.1.31
P00880	4.1.1.39
P00895	4.1.3.27
P00898	4.1.3.27
P00903	2.6.1.85
P00914	4.1.99.3
P00929	4.2.1.20
P00934	4.2.3.1
P00935	2.5.1.48
P00957	6.1.1.7
P00959	6.1.1.10
P00962	6.1.1.18
P00963	6.3.1.1
P03007	2.7.7.7
P03018	3.6.4.12
P03960	3.6.3.12
P04036	1.17.1.8
P04042	3.1.1.61
P04079	6.3.5.2
P04189	3.4.21.62
P04391	2.1.3.3
P04395	3.2.2.21
P04425	6.3.2.3
P04825	3.4.11.2
P04957	3.2.1.73
P04958	3.4.24.68
P04964	1.4.1.16
P04968	4.3.1.19
P04982	5.4.99.62
P04993	3.1.11.5
P04995	3.1.11.1
P05020	3.5.2.3
P05041	2.6.1.85
P05042	4.2.1.2
P05050	1.14.11.33
P05055	2.7.7.8
P05100	3.2.2.20
P05194	4.2.1.10
P05327	4.1.99.3
P05404	5.5.1.7
P05425	3.6.3.54
P05637	3.6.1.41
P05653	5.99.1.3
P05654	2.1.3.2
P05655	2.4.1.10
P05656	3.2.1.80
P05793	1.1.1.86
P05804	3.2.1.31
P05852	2.3.1.234
P06191	5.1.1.1
P06204	3.5.2.3
P06612	5.99.1.2
P06672	4.1.1.1
P06709	6.3.4.15
P06715	1.8.1.7
P06721	4.4.1.8
P06960	2.1.3.3
P06961	2.7.7.72
P06968	3.6.1.23
P06983	2.5.1.61
P06988	1.1.1.23
P06992	2.1.1.182
P06999	2.7.1.11
P07001	1.6.1.2
P07003	1.2.5.1
P07004	1.2.1.41
P07528	3.2.1.8
P07598	1.12.7.2
P07648	3.1.11.5
P07649	5.4.99.12
P07650	2.4.2.4
P07771	1.18.1.3
P07773	1.13.11.1
P07821	3.6.3.34
P07862	6.3.2.4
P08179	2.1.2.2
P08200	1.1.1.42
P08203	5.1.3.4
P08244	4.1.1.23
P08308	2.1.3.3
P08337	3.6.1.55
P08373	1.3.1.98
P08394	3.1.11.5
P08401	2.7.13.3
P08495	2.7.2.4
P08538	3.1.3.48
P08839	2.7.3.9
P08870	2.4.2.10
P09029	6.3.4.18
P09030	3.1.11.2
P09053	2.6.1.66
P09124	1.2.1.12
P09147	5.1.3.2
P09148	2.7.7.12
P09155	3.1.13.5
P09169	3.4.23.49
P09373	2.3.1.54
P09391	3.4.21.105
P09403	2.7.2.3
P09785	4.1.3.27
P09786	4.1.3.27
P09980	3.6.4.12
P0A078	3.4.11.18
P0A0B7	1.11.1.15
P0A0H9	1.1.1.100
P0A0J3	1.15.1.1
P0A1A3	5.1.1.1
P0A1E3	2.5.1.47
P0A1F0	6.3.2.4
P0A1F6	2.4.2.3
P0A1P6	6.3.1.2
P0A1X6	3.4.11.18
P0A2C9	1.1.1.100
P0A2G9	2.1.1.271
P0A2H1	2.1.1.289
P0A2H7	2.3.1.16
P0A2K1	4.2.1.20
P0A2W6	2.7.8.7
P0A2W8	5.1.1.1
P0A2X7	2.7.2.2
P0A405	1.97.1.12
P0A407	1.97.1.12
P0A411	1.97.1.12
P0A444	1.10.3.9
P0A446	1.10.3.9
P0A4Q0	2.3.1.n3
P0A4V0	2.7.7.43
P0A6B4	5.1.1.1
P0A6B7	2.8.1.7
P0A6C1	3.1.21.2
P0A6C8	2.7.2.8
P0A6D3	2.5.1.19
P0A6D5	1.1.1.282
P0A6D7	2.7.1.71
P0A6E1	2.7.1.71
P0A6E4	6.3.4.5
P0A6F1	6.3.5.5
P0A6F3	2.7.1.30
P0A6G3	3.5.1.42
P0A6G5	2.7.7.61
P0A6G7	3.4.21.92
P0A6I0	2.7.4.25
P0A6I6	2.7.7.3
P0A6J5	1.4.99.1
P0A6K1	5.1.1.7
P0A6K3	3.5.1.88
P0A6L0	4.1.2.4
P0A6L2	4.3.3.7
P0A6M4	3.1.1.96
P0A6P9	4.2.1.11
P0A6Q6	4.2.1.59
P0A6T1	5.3.1.9
P0A6T3	2.7.1.6
P0A6T5	3.5.4.16
P0A6U5	2.1.1.170
P0A6V9	2.7.1.2
P0A6W3	2.7.8.13
P0A6X1	1.2.1.70
P0A715	2.5.1.55
P0A717	2.7.6.1
P0A722	2.3.1.129
P0A731	4.2.3.3
P0A744	1.8.4.11
P0A749	2.5.1.7
P0A754	1.6.5.2
P0A759	3.5.99.6
P0A763	2.7.4.6
P0A786	2.1.3.2
P0A790	4.1.1.11
P0A794	2.6.99.2
P0A796	2.7.1.11
P0A799	2.7.2.3
P0A7A5	2.1.1.77
P0A7A7	2.3.1.15
P0A7B1	2.7.4.1
P0A7B3	2.7.1.23
P0A7B5	2.7.2.11
P0A7B8	3.4.25.2
P0A7C2	3.4.21.88
P0A7D1	3.1.1.29
P0A7D4	6.3.4.4
P0A7E1	1.3.5.2
P0A7E3	2.4.2.10
P0A7E9	2.7.4.22
P0A7I7	3.5.4.25
P0A7J0	4.1.99.12
P0A7Y0	3.1.26.3
P0A7Y4	3.1.26.4
P0A7Y8	3.1.26.5
P0A7Z0	5.3.1.6
P0A7Z4	2.7.7.6
P0A809	3.6.4.12
P0A812	3.6.4.12
P0A814	3.1.22.4
P0A817	2.5.1.6
P0A821	2.9.1.1
P0A825	2.1.2.1
P0A836	6.2.1.5
P0A850	5.2.1.8
P0A853	4.1.99.1
P0A858	5.3.1.1
P0A870	2.2.1.2
P0A873	2.1.1.228
P0A884	2.1.1.45
P0A8F0	2.4.2.9
P0A8G6	1.6.5.2
P0A8I8	2.1.1.177
P0A8J8	3.6.4.13
P0A8L1	6.1.1.11
P0A8M3	6.1.1.3
P0A8N3	6.1.1.6
P0A8N5	6.1.1.6
P0A8T7	2.7.7.6
P0A8V2	2.7.7.6
P0A8Y1	3.1.3.5
P0A8Y3	3.1.3.10
P0A8Y5	3.1.3.23
P0A951	2.3.1.57
P0A953	2.3.1.41
P0A959	2.6.1.2
P0A962	3.5.1.1
P0A988	2.7.7.7
P0A993	3.1.3.11
P0A998	1.16.3.2
P0A9B2	1.2.1.12
P0A9B6	1.2.1.72
P0A9C9	3.1.3.11
P0A9D2	2.5.1.18
P0A9G6	4.1.3.1
P0A9H1	3.2.2.28
P0A9H3	4.1.1.18
P0A9I8	1.7.1.15
P0A9J4	1.1.1.169
P0A9J6	2.7.1.15
P0A9L5	5.2.1.8
P0A9L8	1.5.1.2
P0A9M0	3.4.21.53
P0A9M2	2.4.2.8
P0A9M5	2.4.2.22
P0A9M8	2.3.1.8
P0A9P0	1.8.1.4
P0A9P4	1.8.1.9
P0A9P6	3.6.4.13
P0A9Q5	6.4.1.2
P0A9Q9	1.2.1.11
P0A9S3	1.1.1.251
P0A9S5	1.1.1.6
P0A9T0	1.1.1.95
P0A9V8	1.1.1.373
P0AA41	5.4.99.26
P0AA43	5.4.99.19
P0AA93	2.7.13.3
P0AAB2	3.1.3.48
P0AAI5	2.3.1.179
P0AAI9	2.3.1.39
P0AAP1	2.7.7.65
P0AB65	3.6.1.7
P0AB71	4.1.2.13
P0AB74	4.1.2.40
P0AB77	2.3.1.29
P0AB80	2.6.1.42
P0AB83	4.2.99.18
P0AB87	4.1.2.17
P0AB89	4.3.2.2
P0ABB0	3.6.3.14
P0ABB4	3.6.3.14
P0ABD3	1.16.3.1
P0ABD5	6.4.1.2
P0ABE9	4.2.1.1
P0ABF1	2.7.7.19
P0ABF6	3.5.4.5
P0ABH7	2.3.3.16
P0ABI8	1.10.3.10
P0ABJ9	1.10.3.14
P0ABK2	1.10.3.14
P0ABK9	1.7.2.2
P0ABP8	2.4.2.1
P0ABQ2	1.1.1.60
P0ABQ4	1.5.1.3
P0ABR5	1.14.12.19
P0ABR9	1.13.11.16
P0ABS8	2.7.7.7
P0ABU0	4.1.3.36
P0ABZ4	3.1.3.45
P0ABZ6	5.2.1.8
P0AC13	2.5.1.15
P0AC16	4.1.2.25
P0AC28	6.3.3.2
P0AC38	4.3.1.1
P0AC41	1.3.5.1
P0AC47	1.3.5.1
P0AC53	1.1.1.49
P0AC78	2.7.8.33
P0AC81	4.4.1.5
P0AC88	4.2.1.47
P0ACA7	2.5.1.18
P0ACB2	4.2.1.24
P0ACC1	2.1.1.297
P0ACV0	2.3.1.241
P0ACV2	2.3.1.242
P0AD14	2.7.13.3
P0AD42	3.1.3.27
P0AD57	2.5.1.90
P0AD61	2.7.1.40
P0AD68	2.4.1.129
P0ADA1	3.1.1.5
P0ADG4	3.1.3.25
P0ADG7	1.1.1.205
P0ADR6	2.1.1.186
P0ADX9	2.1.1.171
P0AE01	2.1.1.200
P0AE12	3.2.2.4
P0AE18	3.4.11.18
P0AE22	3.1.3.2
P0AED7	3.5.1.18
P0AEE3	3.4.21.107
P0AEI1	2.8.4.3
P0AEI4	2.8.4.4
P0AEJ2	5.4.4.2
P0AEK2	1.1.1.100
P0AEK4	1.3.1.9
P0AEN8	5.1.3.29
P0AEP7	4.1.1.47
P0AES2	4.2.1.40
P0AES4	5.99.1.3
P0AES6	5.99.1.3
P0AET8	1.1.1.159
P0AEW4	3.1.4.53
P0AEY3	3.6.1.8
P0AEZ1	1.5.1.20
P0AF03	2.7.7.75
P0AF12	3.2.2.9
P0AF18	3.5.1.25
P0AF24	3.1.3.5
P0AFC0	3.6.1.67
P0AFG6	2.3.1.61
P0AFI0	4.1.1.8
P0AFI2	5.99.1.3
P0AFI7	1.4.3.5
P0AFL3	5.2.1.8
P0AFS3	1.5.1.3
P0AFU8	2.5.1.9
P0AFV4	3.4.17.13
P0AG07	5.1.3.1
P0AG16	2.4.2.14
P0AG18	5.4.99.18
P0AG20	2.7.6.5
P0AGB0	3.1.3.3
P0AGD1	1.15.1.1
P0AGE6	1.6.5.2
P0AGE9	6.2.1.5
P0AGG0	2.7.4.16
P0AGJ7	2.1.1.207
P0AGJ9	6.1.1.1
P0AGL7	2.1.1.193
P0C0J1	3.4.22.10
P0C0K3	2.7.11.1
P0C0L2	1.11.1.15
P0C0R7	2.1.1.166
P0C0V0	3.4.21.107
P0C1A7	4.2.2.2
P0C1A9	3.1.1.11
P0C216	3.1.4.3
P0C6D3	3.3.2.1
P0C8J6	4.1.2.40
P0CF99	2.4.1.57
P0CI79	2.1.1.45
P0CW86	1.15.1.1
P0DKS5	2.8.4.2
P0DKS7	2.8.4.2
P0DKS9	1.20.4.3
P0DMC5	2.7.13.3
P10478	3.2.1.8
P10728	2.7.11.1
P10902	1.4.3.16
P10907	3.6.3.20
P11439	2.4.2.36
P11447	4.3.2.1
P11458	2.5.1.72
P11553	2.7.1.51
P11724	2.1.3.3
P11742	2.1.1.63
P11759	1.1.1.132
P11868	2.7.2.15
P11880	6.3.2.10
P11987	1.14.13.25
P11988	3.2.1.86
P11998	2.5.1.78
P12008	4.2.3.5
P12013	1.1.1.343
P12042	6.3.5.3
P12047	4.3.2.2
P12049	6.3.5.3
P12281	2.10.1.1
P12282	2.7.7.80
P12295	3.2.2.27
P12758	2.4.2.3
P12851	5.3.1.5
P12995	2.6.1.62
P12996	2.8.1.6
P12998	2.3.1.47
P12999	2.1.1.197
P13000	6.3.3.3
P13009	2.1.1.13
P13029	1.11.1.21
P13485	2.7.8.12
P13714	1.1.1.27
P13799	2.7.13.3
P14193	2.7.6.1
P14294	5.99.1.2
P14377	2.7.13.3
P14532	1.11.1.5
P14611	2.3.1.9
P14697	1.1.1.36
P14756	3.4.24.26
P14768	3.2.1.8
P14900	6.3.2.9
P14916	3.5.1.5
P15034	3.4.11.9
P15042	6.5.1.2
P15043	3.6.4.12
P15047	1.3.1.28
P15254	6.3.5.3
P15288	3.4.13.18
P15400	2.7.1.69
P15474	4.2.1.10
P15723	3.1.5.1
P15770	1.1.1.25
P15917	3.4.24.83
P16027	1.1.2.7
P16115	1.1.1.27
P16304	2.7.4.3
P16384	2.5.1.75
P16440	2.5.1.9
P16609	4.2.1.20
P16679	2.7.8.37
P16685	2.7.8.37
P16686	2.7.8.37
P16687	2.7.8.37
P16688	4.7.1.1
P16689	3.6.1.63
P16690	2.7.4.23
P16692	3.1.4.55
P16703	2.5.1.47
P17054	1.3.99.28
P17055	1.14.15.9
P17058	4.2.1.131
P17109	2.2.1.9
P17115	5.3.1.13
P17169	2.6.1.16
P17411	3.2.1.86
P17412	1.3.5.4
P17424	1.17.4.1
P17445	1.2.1.8
P17596	1.3.5.1
P17721	1.2.1.12
P17811	3.4.23.48
P17846	1.8.1.2
P17896	3.4.21.116
P17904	2.7.11.1
P17906	3.1.3.3
P17952	6.3.2.8
P17989	3.2.1.73
P18079	2.3.1.37
P18133	6.3.4.21
P18159	5.4.2.2
P18200	3.1.3.27
P18429	3.2.1.8
P18775	1.8.5.3
P18798	1.14.13.25
P19080	5.4.99.5
P19220	2.1.1.63
P19566	3.6.3.19
P19624	1.1.1.262
P19638	2.7.1.66
P19669	2.2.1.2
P19919	1.2.99.2
P19994	3.4.11.18
P20083	5.99.1.3
P20099	1.8.4.13
P20166	2.7.1.69
P20371	1.13.11.3
P20372	1.13.11.3
P20388	1.14.19.6
P20418	1.15.1.2
P20580	4.1.3.27
P20582	2.3.1.230
P20586	1.14.13.2
P21151	2.3.1.16
P21165	3.4.13.9
P21179	1.11.1.6
P21340	2.3.1.57
P21437	3.1.3.11
P21499	3.1.13.1
P21507	3.6.4.13
P21513	3.1.26.12
P21515	3.1.4.14
P21645	2.3.1.191
P21656	6.1.1.2
P21693	3.6.4.13
P21777	2.7.1.11
P21829	3.1.3.74
P21865	2.7.13.3
P21889	6.1.1.12
P22106	6.3.5.4
P22188	6.3.2.13
P22255	3.1.3.7
P22259	4.1.1.49
P22634	5.1.1.3
P22868	1.14.13.25
P22869	1.14.13.25
P23003	2.1.1.35
P23247	1.2.1.11
P23395	6.1.1.10
P23477	3.6.4.12
P23478	3.6.4.12
P23522	4.1.2.20
P23533	2.7.3.9
P23538	2.7.9.2
P23669	4.2.3.1
P23721	2.6.1.52
P23837	2.7.13.3
P23869	5.2.1.8
P23874	2.7.11.1
P23883	1.2.1.5
P23917	2.7.1.4
P23966	4.1.3.36
P23970	2.2.1.9
P24171	3.4.15.5
P24183	1.1.5.6
P24197	1.13.11.29
P24205	2.3.1.243
P24215	4.2.1.8
P24224	2.7.8.7
P24228	3.4.16.4
P24230	3.6.4.12
P24327	5.2.1.8
P24630	5.4.3.8
P24670	4.2.1.10
P24735	3.5.2.6
P25052	3.5.99.2
P25053	5.3.99.10
P25081	5.3.1.8
P25177	5.4.2.10
P25397	2.1.1.265
P25516	4.2.1.3
P25524	3.5.4.1
P25526	1.2.1.79
P25772	6.5.1.2
P25888	3.6.4.13
P25889	1.3.1.1
P25971	4.1.1.23
P26163	1.3.7.7
P26164	1.3.7.7
P26239	6.6.1.1
P26281	2.7.6.3
P26294	1.3.5.5
P26297	1.1.1.28
P26311	3.4.11.4
P26365	3.5.1.28
P26391	4.2.1.46
P26392	1.1.1.133
P26393	2.7.7.24
P26394	5.1.3.13
P26397	4.2.1.45
P26401	2.4.1.60
P26458	1.10.3.10
P26459	1.10.3.10
P26509	3.2.1.15
P26512	2.7.2.4
P26646	1.3.1.84
P26876	3.1.1.3
P27000	6.1.1.17
P27247	2.3.1.n2
P27248	2.1.2.10
P27249	2.7.7.59
P27250	1.1.1.2
P27253	5.4.99.2
P27300	2.7.1.130
P27302	2.2.1.1
P27771	1.5.1.2
P27828	5.1.3.14
P27829	1.1.1.336
P27830	4.2.1.46
P27833	2.6.1.59
P27836	2.4.1.180
P28248	3.5.4.13
P28305	4.1.3.38
P28462	1.2.1.70
P28619	2.7.7.56
P28628	3.4.21.89
P28629	4.1.1.19
P28638	2.1.1.72
P28720	2.4.2.29
P28820	2.6.1.85
P28861	1.18.1.2
P29072	2.7.13.3
P29208	4.2.1.113
P29253	3.1.26.4
P29495	2.7.1.90
P29848	2.5.1.47
P29946	6.3.5.11
P30012	2.4.2.19
P30125	1.1.1.85
P30137	2.5.1.3
P30139	2.8.1.10
P30140	4.1.99.19
P30147	5.3.1.22
P30235	2.7.1.83
P30844	2.7.13.3
P30847	2.7.13.3
P30850	3.1.13.1
P30870	2.7.7.42
P30871	3.6.1.25
P30967	1.14.16.1
P31057	2.1.2.11
P31085	1.97.1.12
P31112	2.5.1.30
P31113	2.1.1.163
P31114	2.5.1.30
P31120	5.4.2.10
P31129	2.7.7.65
P31142	2.8.1.2
P31434	3.2.1.177
P31551	4.2.1.149
P31570	2.5.1.17
P31572	2.8.3.21
P31658	4.2.1.130
P31663	6.3.2.1
P31677	2.4.1.15
P31678	3.1.3.12
P31825	2.1.1.223
P31973	1.18.1.2
P32055	1.1.1.271
P32099	2.7.7.63
P32113	3.6.3.54
P32131	1.3.99.22
P32138	3.2.1.20
P32140	5.3.1.31
P32141	4.1.2.57
P32143	2.7.1.184
P32156	5.1.3.32
P32166	2.5.1.74
P32169	4.1.2.19
P32170	5.3.1.14
P32171	2.7.1.5
P32173	2.7.7.77
P32395	4.1.1.37
P32396	4.99.1.1
P32397	1.3.3.4
P32422	1.97.1.12
P32662	3.1.3.18
P32684	5.4.99.21
P32695	1.3.1.91
P32701	3.1.4.52
P32718	2.7.1.55
P32920	4.1.1.37
P33018	3.1.2.12
P33022	3.2.2.8
P33025	4.2.1.70
P33038	2.5.1.7
P33197	1.1.1.42
P33643	5.4.99.23
P33675	4.2.1.11
P33937	1.7.99.4
P34024	4.6.1.13
P34918	1.2.1.12
P34945	6.1.1.11
P35149	3.6.1.3
P35164	2.7.13.3
P35482	3.1.3.1
P35483	3.1.3.1
P36548	3.5.1.28
P36553	1.3.3.3
P36557	2.7.13.3
P36655	1.8.1.8
P36923	4.2.1.10
P36929	2.1.1.176
P36936	3.4.13.21
P36938	5.4.2.2
P36979	2.1.1.192
P36999	2.1.1.187
P37051	3.5.1.10
P37062	1.11.1.1
P37063	1.2.3.3
P37146	1.17.4.1
P37269	2.5.1.99
P37278	3.6.3.8
P37294	2.5.1.99
P37330	2.3.3.9
P37333	1.14.12.18
P37339	1.1.3.15
P37351	5.3.1.6
P37353	6.2.1.26
P37355	4.2.99.20
P37388	3.6.3.17
P37402	1.1.1.169
P37412	1.1.1.85
P37450	4.2.1.28
P37527	4.3.3.6
P37530	2.7.1.113
P37547	3.1.26.8
P37552	3.5.99.10
P37563	6.3.4.19
P37564	2.7.1.33
P37570	2.7.14.1
P37595	3.4.19.5
P37610	1.14.11.17
P37634	2.1.1.266
P37646	3.1.4.52
P37647	2.7.1.45
P37672	1.1.1.130
P37677	2.7.1.53
P37678	4.1.1.85
P37680	5.1.3.4
P37689	5.4.2.12
P37700	3.2.1.4
P37744	2.7.7.24
P37747	5.4.99.9
P37765	5.4.99.22
P37769	1.1.1.127
P37773	6.3.2.45
P37778	1.1.1.133
P37794	3.5.1.105
P37869	4.2.1.11
P37877	2.7.2.1
P37878	3.2.2.21
P37887	2.5.1.47
P37956	4.1.99.14
P37957	3.1.1.3
P38021	2.6.1.13
P38038	1.8.1.2
P38049	1.14.99.3
P38051	5.4.4.2
P38489	1.5.1.34
P39046	3.2.1.17
P39062	6.2.1.1
P39099	3.4.21.107
P39119	2.3.3.16
P39126	1.1.1.42
P39130	3.2.1.67
P39131	5.1.3.14
P39138	3.5.3.1
P39153	2.7.7.87
P39155	3.9.1.2
P39185	1.7.99.4
P39199	2.1.1.298
P39304	4.1.1.85
P39305	5.1.3.22
P39306	5.1.3.4
P39315	1.6.5.2
P39346	1.1.1.264
P39371	5.1.3.24
P39576	2.6.1.42
P39581	6.1.1.13
P39583	2.7.6.5
P39593	2.7.1.50
P39594	2.5.1.3
P39605	1.5.1.38
P39610	2.7.1.35
P39615	3.2.2.27
P39629	2.7.7.24
P39630	4.2.1.46
P39633	1.4.1.2
P39641	6.3.2.28
P39648	2.3.1.204
P39662	1.14.12.17
P39701	3.1.3.73
P39773	5.4.2.12
P39815	2.1.1.74
P39829	4.2.1.42
P39831	1.1.1.298
P39844	3.4.16.4
P39848	3.2.1.96
P39909	2.3.1.57
P40332	1.1.1.370
P40399	3.1.3.3
P40404	3.5.1.44
P40406	3.2.1.52
P40711	3.1.1.29
P40719	2.7.13.3
P40740	3.2.1.86
P40758	2.7.13.3
P40804	4.1.1.87
P40817	4.3.1.15
P42106	1.13.11.24
P42293	3.2.1.99
P42403	3.2.1.86
P42411	2.7.11.1
P42413	5.3.1.30
P42414	2.7.1.92
P42415	3.7.1.22
P42416	4.2.1.44
P42419	5.3.99.11
P42420	4.1.2.29
P42448	4.2.1.11
P42449	4.1.3.1
P42454	1.18.1.1
P42588	2.6.1.82
P42593	1.3.1.34
P42596	2.1.1.174
P42604	4.2.1.7
P42632	2.3.1.54
P42848	4.2.1.11
P42954	3.6.3.40
P42973	3.2.1.86
P43341	3.6.1.54
P43777	2.7.6.3
P43813	6.5.1.2
P43876	1.1.1.25
P43890	2.7.4.22
P43912	2.1.1.228
P44514	3.5.1.18
P44569	3.1.3.5
P44801	1.2.1.11
P44806	2.4.99.12
P44814	3.1.1.96
P44859	5.1.1.7
P45025	2.5.1.7
P45040	2.5.1.47
P45066	6.3.2.8
P45131	2.3.1.31
P45148	4.2.1.1
P45251	2.5.1.55
P45314	3.1.3.45
P45395	5.3.1.13
P45425	2.7.1.60
P45563	2.4.2.1
P45578	4.4.1.21
P45622	4.2.1.24
P45723	4.6.1.13
P45748	2.7.7.87
P45947	3.1.3.48
P46139	2.7.7.65
P46362	4.1.2.25
P46795	1.2.1.12
P46799	5.99.1.2
P46817	1.11.1.21
P46849	6.5.1.4
P46852	1.13.11.24
P46883	1.4.3.21
P46920	3.6.3.32
P47227	1.3.1.56
P47229	3.7.1.8
P48635	1.14.13.154
P49058	1.1.1.205
P49424	3.2.1.78
P49425	3.2.1.78
P50047	3.5.1.5
P50286	3.5.1.1
P50457	2.6.1.19
P50465	4.2.99.18
P50621	1.17.4.1
P50735	1.4.1.2
P50848	3.4.17.19
P50849	2.7.7.8
P50864	3.5.1.28
P50933	1.1.1.27
P50941	1.1.1.100
P51020	4.1.3.39
P51025	3.1.2.12
P51691	3.1.6.1
P51833	3.1.26.3
P51981	5.1.1.20
P52045	4.1.1.41
P52046	4.2.1.150
P52061	3.6.1.19
P52101	2.7.13.3
P52697	3.1.1.31
P53554	1.14.15.12
P53555	2.6.1.105
P54155	1.8.4.12
P54166	2.4.1.315
P54322	1.3.1.14
P54378	2.1.2.10
P54462	2.8.4.5
P54471	2.1.1.217
P54475	3.6.4.13
P54493	3.4.21.105
P54511	2.3.1.181
P54517	4.2.1.10
P54548	3.1.26.11
P54550	1.6.99.1
P54616	1.3.1.9
P54715	2.7.1.69
P54721	1.13.11.2
P54746	3.2.1.170
P54965	3.5.1.24
P55038	1.4.7.1
P55135	2.1.1.190
P55881	2.7.4.16
P55900	2.6.1.52
P55929	1.11.1.5
P56065	4.1.1.11
P56073	2.7.1.71
P56076	5.3.1.1
P56081	4.2.3.4
P56109	4.1.2.13
P56119	1.1.1.25
P56156	3.4.21.92
P56258	2.4.1.325
P56431	1.8.1.9
P56459	6.1.1.23
P56690	6.1.1.5
P56926	6.1.1.18
P57005	1.15.1.1
P58486	4.2.1.113
P58554	1.2.1.59
P58683	3.1.3.2
P58687	4.2.1.10
P58758	2.5.1.27
P59337	3.8.1.5
P59407	4.1.3.3
P59655	2.5.1.15
P59846	6.3.4.5
P60281	2.7.7.6
P60340	5.4.99.25
P60390	2.1.1.199
P60472	2.5.1.31
P60546	2.7.4.8
P60651	3.5.3.11
P60716	2.8.1.8
P60720	2.3.1.181
P60757	2.4.2.17
P60785	3.6.5.n1
P60802	1.1.1.290
P60932	3.6.1.27
P61497	4.1.99.3
P61517	4.2.1.1
P61711	2.5.1.78
P61714	2.5.1.78
P61887	2.7.7.24
P61889	1.1.1.37
P62576	3.2.1.18
P62615	2.7.1.148
P62617	4.6.1.12
P62620	1.17.7.3
P62623	1.17.1.2
P62707	5.4.2.11
P63177	2.1.1.185
P63224	5.3.1.28
P63228	3.1.3.82
P63411	2.7.2.1
P63479	5.1.1.1
P63488	6.3.5.7
P63526	6.2.1.26
P63590	4.2.1.10
P63710	1.14.13.141
P63786	3.4.21.92
P63788	3.4.21.92
P63820	2.7.7.3
P63883	3.5.1.28
P64074	4.2.1.11
P64141	2.5.1.15
P64636	3.1.3.5
P65722	4.2.1.96
P65774	2.7.1.23
P65870	4.1.2.50
P65932	2.7.4.22
P65933	2.7.4.22
P66011	1.8.1.9
P66032	4.1.99.12
P66038	2.5.1.78
P66670	3.1.26.3
P66899	4.3.1.15
P67042	2.1.1.45
P67046	2.1.1.45
P67087	2.1.1.198
P67653	3.1.3.45
P67910	5.1.3.20
P68398	3.5.4.33
P68567	2.1.1.242
P68739	3.1.21.7
P69441	2.7.4.3
P69503	2.4.2.7
P69795	2.7.1.69
P69848	4.1.99.18
P69874	3.6.3.31
P69902	2.8.3.16
P69924	1.17.4.1
P69996	3.5.1.5
P70826	2.7.1.90
P70994	5.3.2.6
P71016	1.2.1.8
P71017	1.1.1.1
P71018	2.3.1.n2
P71079	1.3.1.104
P71119	1.14.99.3
P71241	2.7.8.31
P71447	5.4.2.6
P71615	3.1.3.7
P71741	3.2.1.28
P71875	1.14.13.142
P72525	5.99.1.3
P72848	1.3.3.3
P72849	1.14.99.3
P73283	2.3.1.179
P73726	2.5.1.115
P73824	1.11.1.22
P73832	3.4.15.6
P74061	5.1.3.1
P74132	1.3.99.22
P74133	1.14.99.3
P74250	1.11.1.22
P74258	2.4.1.213
P74268	3.4.13.22
P74308	1.1.1.184
P74312	1.6.5.2
P74383	3.4.19.5
P74388	2.1.1.295
P74653	2.7.1.182
P74873	3.1.3.48
P74881	6.3.5.3
P74921	2.6.1.42
P75144	3.1.3.7
P75430	6.3.3.2
P75510	6.1.1.2
P75691	1.1.1.2
P75713	3.5.3.26
P75782	2.1.1.181
P75792	3.1.3.23
P75800	3.1.4.52
P75806	3.6.1.27
P75817	2.1.1.189
P75825	1.7.99.1
P75876	2.1.1.191
P75893	1.5.1.42
P75894	1.1.1.298
P75897	3.5.1.110
P75898	1.14.99.46
P75908	2.7.7.65
P75959	2.7.1.59
P75966	5.4.99.20
P76008	3.4.17.13
P76038	3.5.1.94
P76077	1.14.13.149
P76082	4.2.1.17
P76085	6.2.1.30
P76113	1.3.1.n3
P76129	3.1.4.52
P76149	1.2.1.16
P76215	3.5.1.96
P76216	3.5.3.23
P76217	1.2.1.71
P76245	2.7.7.65
P76251	1.1.1.83
P76270	1.8.4.14
P76273	2.1.1.178
P76316	4.4.1.15
P76339	2.7.13.3
P76423	2.7.1.50
P76440	1.3.1.1
P76469	4.1.2.53
P76473	2.4.2.43
P76491	3.1.3.89
P76503	2.3.1.16
P76518	2.8.3.19
P76535	4.2.1.126
P76562	2.3.1.193
P77044	3.7.1.14
P77172	3.1.4.52
P77182	2.1.1.61
P77213	6.3.2.2
P77215	4.2.1.90
P77272	2.7.1.69
P77302	2.7.7.65
P77334	3.1.4.52
P77366	5.4.2.6
P77397	1.14.13.127
P77434	2.6.1.2
P77467	5.3.3.18
P77485	2.7.13.3
P77488	2.2.1.7
P77510	2.7.13.3
P77541	4.1.3.30
P77544	2.5.1.18
P77555	1.1.1.350
P77570	2.7.1.170
P77580	1.2.1.10
P77581	2.6.1.81
P77608	4.2.1.80
P77625	3.1.3.23
P77671	3.5.2.5
P77674	1.2.1.19
P77718	2.8.1.4
P77731	4.3.2.3
P77757	2.4.2.53
P77766	3.1.3.97
P77781	3.1.2.28
P77788	3.6.1.65
P77790	3.4.13.22
P77806	2.6.1.88
P77872	1.11.1.6
P77961	6.3.1.2
P78061	6.3.1.11
P78067	2.8.1.1
P78285	3.2.1.17
P80039	1.1.1.37
P80040	1.1.1.37
P80099	2.4.1.25
P80244	3.4.21.92
P80506	1.2.1.12
P80561	3.4.11.24
P80695	1.4.3.21
P80859	1.1.1.44
P81186	1.7.99.4
P82543	1.9.3.1
P82998	2.5.1.18
P83223	1.3.5.4
P83453	6.1.1.1
P83700	2.7.1.148
P84612	1.15.1.1
P85207	1.8.1.4
P94398	3.5.4.16
P94404	4.1.1.61
P94405	4.1.1.61
P94417	2.7.2.4
P94424	1.5.1.39
P94428	1.2.1.79
P94522	3.2.1.99
P94527	1.1.1.261
P94531	3.2.1.55
P94544	2.7.7.7
P94552	3.2.1.55
P94556	5.1.1.3
P94571	3.6.1.27
P95493	3.4.22.37
P95803	6.3.2.4
P96105	3.2.1.131
P96108	2.1.3.3
P96110	1.4.1.3
P96134	2.1.3.3
P96379	3.6.1.8
P96614	3.6.4.13
P96618	2.7.8.7
P96688	3.1.1.1
P96716	2.7.10.2
P96717	3.1.3.48
P96718	1.1.1.22
P96789	1.1.1.44
P96843	6.2.1.41
P97030	1.17.99.6
P97084	4.1.1.81
P98005	1.9.3.1
P99159	2.3.1.180
P9WFF5	2.5.1.68
P9WFQ9	3.2.2.27
P9WFR5	2.4.2.45
P9WFR9	2.1.1.45
P9WFT1	6.1.1.1
P9WFV9	6.1.1.17
P9WFX7	4.1.1.48
P9WFX9	4.2.1.20
P9WFZ1	2.1.1.220
P9WFZ5	3.1.3.12
P9WG25	2.2.1.1
P9WG39	2.2.1.6
P9WG41	2.2.1.6
P9WG43	5.3.1.1
P9WG49	5.99.1.2
P9WG59	4.2.3.1
P9WG75	2.5.1.3
P9WGB7	2.5.1.48
P9WGE9	1.15.1.1
P9WGI7	2.1.2.1
P9WGI9	2.1.2.1
P9WGK3	2.7.13.3
P9WGK7	2.7.13.3
P9WGK9	2.7.13.3
P9WGL1	2.7.13.3
P9WGL5	2.7.13.3
P9WGR1	1.3.1.9
P9WGS9	1.1.1.333
P9WGT1	1.1.1.53
P9WGT3	1.1.1.100
P9WGV1	2.5.1.6
P9WGV3	3.3.1.1
P9WGY5	2.7.7.6
P9WGY7	2.7.7.6
P9WGY9	2.7.7.6
P9WGZ1	2.7.7.6
P9WGZ9	3.5.2.6
P9WH09	1.1.1.133
P9WH11	5.1.3.13
P9WH13	2.7.7.24
P9WH71	1.17.4.1
P9WH75	1.17.4.1
P9WHE9	2.5.1.78
P9WHF7	2.8.1.1
P9WHF9	2.8.1.1
P9WHH1	1.8.1.9
P9WHH3	1.8.1.15
P9WHH7	1.6.5.2
P9WHH9	1.8.1.4
P9WHL7	6.3.5.3
P9WHN7	3.1.1.29
P9WHP7	5.4.99.25
P9WHS1	3.4.17.n1
P9WHT9	3.4.25.1
P9WHU1	3.4.25.1
P9WHV7	2.7.1.23
P9WHW3	5.2.1.8
P9WHW5	3.1.3.16
P9WI63	2.7.11.1
P9WI65	2.7.11.1
P9WI66	2.7.11.1
P9WI69	2.7.11.1
P9WI71	2.7.11.1
P9WI73	2.7.11.1
P9WI75	2.7.11.1
P9WI77	2.7.11.1
P9WI78	2.7.11.1
P9WI81	2.7.11.1
P9WIA1	3.1.3.48
P9WIB9	5.4.99.5
P9WIC1	5.4.99.5
P9WIC5	4.1.3.40
P9WIC7	3.1.3.70
P9WIC9	5.4.2.11
P9WIE5	1.11.1.21
P9WIH3	4.1.1.32
P9WIJ1	1.4.3.5
P9WIL5	6.3.2.1
P9WIL7	2.1.2.11
P9WIQ1	5.4.99.9
P9WIQ3	1.18.1.2
P9WIS1	1.2.4.4
P9WIS3	1.2.4.4
P9WIS9	1.2.4.1
P9WIT9	2.1.3.3
P9WIU7	4.1.1.20
P9WIY1	3.6.1.55
P9WIY3	3.6.1.55
P9WJ03	1.8.7.1
P9WJA1	1.14.14.12
P9WJF1	1.1.98.3
P9WJH7	2.7.4.6
P9WJI7	6.3.4.21
P9WJI9	6.3.4.21
P9WJJ7	2.4.2.19
P9WJM5	1.8.4.11
P9WJM7	2.3.1.189
P9WJN1	3.5.1.115
P9WJN3	3.5.1.103
P9WJQ3	1.7.99.4
P9WJW5	2.1.1.63
P9WK16	2.3.3.9
P9WK19	3.4.11.18
P9WK21	3.4.11.18
P9WK83	2.3.1.181
P9WK87	3.1.1.1
P9WKB1	2.3.1.20
P9WKC3	2.3.1.20
P9WKC5	2.3.1.20
P9WKC9	2.3.1.20
P9WKD7	5.3.1.6
P9WKF5	2.7.4.3
P9WKF7	1.14.13.59
P9WKG5	4.6.1.12
P9WKG7	2.7.1.148
P9WKH1	2.5.1.10
P9WKH3	1.14.99.3
P9WKI9	3.1.3.25
P9WKK7	4.1.3.1
P9WKK9	1.1.1.85
P9WMK5	4.1.3.39
P9WMK9	2.7.7.53
P9WMP9	3.6.4.12
P9WMQ1	3.6.4.12
P9WMR9	3.8.1.5
P9WMS7	6.3.5.2
P9WMW5	2.7.8.35
P9WMW9	2.4.1.266
P9WMX3	2.4.1.287
P9WMY3	2.4.1.289
P9WMY7	2.4.1.250
P9WMY9	2.4.1.11
P9WMZ1	2.4.1.21
P9WMZ3	2.4.1.57
P9WMZ7	2.4.2.47
P9WN03	2.4.2.46
P9WN05	2.4.1.109
P9WN21	3.1.3.11
P9WN39	6.3.1.2
P9WN43	2.7.7.27
P9WN45	2.4.1.18
P9WN65	4.2.1.46
P9WN69	5.3.1.9
P9WN83	1.2.1.12
P9WN93	4.2.1.2
P9WNB9	4.2.99.18
P9WNC5	4.1.2.25
P9WND1	2.5.1.15
P9WND9	1.5.1.36
P9WNE1	1.1.98.2
P9WNE3	4.99.1.1
P9WNE5	1.16.3.1
P9WNG3	2.3.1.180
P9WNG5	2.3.1.39
P9WNH1	1.11.1.18
P9WNN9	4.2.1.17
P9WNP1	4.2.1.17
P9WNP3	4.2.1.17
P9WNP5	4.1.3.36
P9WNP7	1.1.1.157
P9WNS5	3.6.1.23
P9WNU7	6.3.2.n2
P9WNV1	6.5.1.2
P9WNV3	6.5.1.1
P9WNV5	6.5.1.1
P9WNW5	2.7.7.85
P9WNW7	1.13.11.25
P9WNW9	1.1.1.23
P9WNX1	1.5.1.3
P9WNX3	1.1.1.95
P9WNX5	1.2.1.11
P9WNX7	1.2.1.79
P9WNX9	1.2.1.79
P9WNZ3	1.14.19.n4
P9WP01	2.4.2.1
P9WP17	3.5.4.13
P9WP19	5.1.1.7
P9WP21	2.3.1.117
P9WP23	1.17.1.8
P9WP31	6.3.2.4
P9WP55	2.5.1.47
P9WP65	3.1.4.53
P9WPA5	2.7.7.3
P9WPB3	2.1.1.79
P9WPB5	2.1.1.79
P9WPC3	3.4.21.92
P9WPC5	3.4.21.92
P9WPF9	2.3.2.21
P9WPH3	3.5.4.5
P9WPJ7	4.2.1.1
P9WPJ9	4.2.1.1
P9WPK7	6.3.2.2
P9WPP7	1.14.21.9
P9WPP9	1.14.13.70
P9WPQ5	6.3.3.3
P9WPS3	3.6.3.54
P9WPX7	4.2.1.10
P9WPX9	4.2.3.4
P9WPY3	2.7.1.71
P9WPY5	2.5.1.19
P9WQ11	4.2.99.18
P9WQ17	2.4.99.16
P9WQ23	3.2.1.141
P9WQ35	4.6.1.1
P9WQ37	6.2.1.3
P9WQ41	6.2.1.20
P9WQ47	6.2.1.3
P9WQ71	2.8.1.7
P9WQ73	2.6.1.52
P9WQ75	2.6.1.42
P9WQ81	2.6.1.62
P9WQ87	2.3.1.47
P9WQA3	4.1.2.13
P9WQA9	5.1.1.1
P9WQB1	1.4.1.1
P9WQB7	1.11.1.15
P9WQB9	1.1.1.1
P9WQD1	6.2.1.1
P9WQD7	2.3.1.41
P9WQD9	2.3.1.41
P9WQE1	2.3.1.41
P9WQH3	1.2.1.10
P9WQH7	6.4.1.3
Q00267	2.3.1.118
Q00441	1.14.13.188
Q01671	1.3.99.27
Q02114	3.5.1.28
Q02934	3.2.1.4
Q02N79	1.14.13.182
Q03224	3.1.3.11
Q03C44	3.2.1.122
Q04HB7	5.1.1.5
Q04J42	3.1.3.16
Q04J43	2.7.11.1
Q05528	1.1.1.127
Q05602	2.7.8.26
Q05603	2.4.2.21
Q05608	2.7.11.1
Q05632	2.1.1.196
Q05852	2.7.7.9
Q05888	2.7.1.66
Q06277	2.7.7.n1
Q06320	3.5.1.28
Q06539	1.4.1.23
Q06700	4.1.1.70
Q06756	4.6.1.12
Q06904	2.7.13.3
Q07566	3.1.3.78
Q07636	2.7.1.11
Q07982	1.1.99.28
Q08352	1.4.1.1
Q08698	1.17.4.1
Q0B950	4.2.1.77
Q0B953	1.5.1.49
Q0B9R9	5.1.1.8
Q0B9S2	1.5.1.49
Q0K845	1.2.1.81
Q0K9H3	3.1.1.22
Q0P8S7	2.7.7.82
Q0P8T0	3.2.1.184
Q0P8T1	2.5.1.101
Q0P8U0	2.5.1.97
Q0P8U5	3.6.1.57
Q0P8W3	2.6.1.92
Q0P8W4	4.2.1.115
Q0P9C4	3.6.3.39
Q0P9C5	2.4.1.292
Q0P9C6	2.4.1.293
Q0P9C7	2.4.1.291
Q0P9C8	2.4.99.19
Q0P9C9	2.4.1.290
Q0P9D0	2.7.8.36
Q0P9D1	2.3.1.203
Q0P9D3	2.6.1.34
Q0P9D4	4.2.1.135
Q0PAS0	4.1.2.13
Q0PAS1	5.2.1.8
Q0S7M1	1.14.13.141
Q0S7V5	6.2.1.41
Q0S811	1.14.14.12
Q0TUK6	3.1.6.1
Q0TV31	3.1.4.3
Q0VKZ3	1.14.15.3
Q0VTB0	1.18.1.1
Q11PP7	1.14.13.9
Q12DF1	4.2.1.90
Q13TZ4	6.3.2.4
Q182W3	3.6.1.3
Q185C5	5.4.3.9
Q186A6	4.2.1.10
Q18AR0	2.3.1.9
Q18T09	2.6.1.83
Q1ARU5	2.4.1.245
Q1LCS4	1.13.11.6
Q1LK00	1.13.11.11
Q1M667	2.7.13.3
Q1MGQ9	2.7.8.24
Q1QBF3	5.1.1.8
Q1QU06	5.1.1.8
Q1QU27	1.1.1.313
Q1QV19	5.1.1.8
Q1QWN5	1.1.1.338
Q1QWN6	1.1.1.310
Q1QWP0	4.4.1.24
Q1QWP1	4.4.1.24
Q1R183	1.1.1.313
Q1R415	2.7.1.5
Q1RK29	2.1.1.182
Q2FIA5	1.8.1.14
Q2FV22	6.3.2.1
Q2FV57	1.14.99.44
Q2FV59	2.5.1.96
Q2FV64	3.6.3.54
Q2FVC1	5.4.2.2
Q2FVZ4	2.3.2.16
Q2FWC7	2.7.1.33
Q2FWH5	3.6.4.13
Q2FWL2	2.3.1.234
Q2FYR1	2.3.2.18
Q2FYR2	2.3.2.17
Q2FZ22	2.7.4.22
Q2FZL2	3.4.21.19
Q2FZP6	6.3.2.7
Q2FZP7	2.4.1.315
Q2G0D9	2.7.13.3
Q2G0P6	2.7.14.1
Q2G0U9	3.5.1.28
Q2G160	4.1.3.3
Q2G1T6	2.7.7.9
Q2G2M2	2.3.2.3
Q2G2U1	2.7.13.3
Q2G2U4	2.7.13.3
Q2GIL5	2.1.1.228
Q2GLJ4	3.5.4.13
Q2J7L5	2.1.1.179
Q2KD13	5.1.1.8
Q2KE82	4.2.1.20
Q2LQN9	1.3.8.10
Q2LQP0	1.3.8.11
Q2LXU2	3.7.1.21
Q2NB77	2.7.13.3
Q2NCA3	2.7.13.3
Q2RI40	1.2.7.10
Q2RI41	1.2.7.10
Q2RI42	1.2.7.10
Q2RIS7	3.6.1.1
Q2RK33	2.6.1.83
Q2RNG5	1.13.11.79
Q2RNU4	2.7.1.90
Q2RQ36	4.2.1.119
Q2RSB2	1.6.1.2
Q2RSB4	1.6.1.2
Q2S289	1.1.1.37
Q2STF3	4.1.1.37
Q2SWD3	6.3.4.4
Q2SWE7	2.7.4.6
Q2SWY6	2.3.1.129
Q2SX36	6.1.1.17
Q2SXD6	6.1.1.6
Q2SY18	5.1.3.20
Q2SYH7	5.1.3.25
Q2SYI1	1.1.1.133
Q2SZ94	1.17.1.8
Q2T095	6.3.2.1
Q2T1B9	3.1.1.29
Q2T3J4	5.1.1.8
Q2T7H6	1.1.1.85
Q2YIQ1	2.7.1.27
Q2YKD6	1.10.3.14
Q2YKK7	2.7.13.3
Q2YLF3	5.1.1.8
Q2YLR9	1.1.1.37
Q2YNC6	2.5.1.78
Q2YQX8	3.3.1.1
Q2YRG4	3.6.1.23
Q2YRR4	4.1.1.48
Q31C15	2.2.1.2
Q31MN3	1.11.1.21
Q31QJ2	5.4.3.8
Q39TV7	3.7.1.21
Q3AEU2	4.3.1.2
Q3IWB0	4.3.1.23
Q3IWG2	5.1.1.8
Q3IZ78	4.2.1.148
Q3J6C1	2.7.13.3
Q3J6K9	1.3.1.84
Q3JHA9	5.1.1.8
Q3JKE9	1.1.1.37
Q3JNE1	6.3.2.4
Q3JRF0	1.8.4.12
Q3JVB1	2.7.4.3
Q3JW91	2.7.7.3
Q3JWH7	5.4.2.11
Q3JY79	3.3.1.1
Q3M5Z3	4.3.1.24
Q45064	2.3.1.n3
Q45070	3.2.1.136
Q45071	3.2.1.55
Q45614	2.7.13.3
Q45920	3.6.1.23
Q46495	1.15.1.2
Q46810	2.7.7.76
Q46822	5.3.3.2
Q46829	3.2.1.86
Q46857	1.1.1.274
Q46871	1.16.1.9
Q46920	1.7.1.13
Q46938	5.3.1.17
Q46N53	1.1.1.308
Q46ZL2	5.4.4.3
Q47140	1.14.12.19
Q47155	2.7.7.7
Q47690	2.1.1.10
Q47CX0	1.13.11.49
Q47KB1	1.11.1.19
Q47PU3	1.14.13.92
Q47RM6	2.5.1.88
Q47SS3	2.5.1.68
Q48255	4.2.1.10
Q485R8	1.5.1.49
Q485S0	4.2.1.77
Q49118	2.3.1.101
Q4F6N6	1.11.1.21
Q4FP21	2.1.1.269
Q4FQB7	1.8.2.2
Q4JVS0	2.3.2.22
Q4KGT8	1.5.1.49
Q4KGU2	5.1.1.8
Q4L2X9	2.3.2.22
Q4L5E3	6.1.1.20
Q4L5E4	6.1.1.20
Q4UU85	3.1.4.52
Q500U1	3.5.5.1
Q50925	1.7.2.6
Q51344	1.2.1.11
Q51366	4.2.1.47
Q51422	6.1.1.23
Q51508	5.4.4.2
Q51548	1.14.13.195
Q53122	1.14.12.18
Q53123	1.14.12.18
Q53176	1.7.99.4
Q53239	1.7.2.1
Q53591	4.2.2.1
Q53726	2.5.1.n9
Q53922	2.7.1.69
Q53W83	2.7.1.45
Q54727	3.2.1.18
Q54764	4.1.99.5
Q54765	1.2.1.80
Q54801	1.5.1.3
Q54873	4.2.2.1
Q55034	3.1.3.69
Q55053	3.5.1.5
Q55054	3.5.1.5
Q55389	1.8.7.2
Q55777	3.1.2.28
Q55793	2.8.1.7
Q55828	2.6.1.83
Q56062	4.1.3.30
Q56232	2.6.1.1
Q56259	4.1.1.39
Q56308	2.1.1.77
Q56313	3.6.4.12
Q56319	4.1.1.48
Q56320	5.3.1.24
Q56403	3.6.3.14
Q56839	1.8.1.5
Q56840	1.1.1.268
Q57071	2.7.1.69
Q57261	5.4.99.27
Q57BR6	2.7.13.3
Q57E90	2.7.6.5
Q59092	5.5.1.2
Q59284	3.5.1.18
Q59288	4.2.2.5
Q59289	4.2.2.8
Q59334	4.2.1.24
Q59337	1.11.1.6
Q59385	3.6.3.54
Q59452	1.15.1.1
Q59623	1.15.1.1
Q59643	4.2.1.24
Q59647	1.7.2.5
Q59931	1.2.1.9
Q59943	3.1.3.11
Q59961	5.99.1.3
Q5F9K6	3.5.4.16
Q5FJ41	3.2.1.23
Q5FJB3	4.1.1.23
Q5HCK7	3.4.19.3
Q5HE43	5.4.2.10
Q5HE64	2.4.2.2
Q5HEB7	6.3.2.4
Q5HED0	2.7.8.7
Q5HED1	5.1.1.1
Q5HFV4	2.7.4.6
Q5HG24	1.17.1.8
Q5HH38	4.1.3.36
Q5HHC2	5.3.1.9
Q5HNV1	1.1.1.25
Q5KX27	3.1.21.2
Q5KXG9	1.6.99.1
Q5KY94	4.2.1.10
Q5L0U0	4.1.1.23
Q5L1B7	1.7.1.13
Q5L1E2	5.3.2.5
Q5L3C1	2.5.1.n9
Q5L9Q6	1.4.1.16
Q5LC03	2.6.1.83
Q5LH66	5.1.3.11
Q5LH68	2.4.1.281
Q5LKW3	5.1.1.8
Q5LL69	4.4.1.25
Q5LLW6	4.2.1.155
Q5LRT0	6.2.1.44
Q5LS57	2.1.1.269
Q5LW89	4.4.1.3
Q5NF56	4.1.1.11
Q5NF57	6.3.2.1
Q5NF76	2.7.2.3
Q5NFC4	5.3.1.9
Q5NGB5	6.3.3.3
Q5NGP7	5.3.1.13
Q5NGZ6	3.1.1.29
Q5NH47	3.4.21.92
Q5NHQ9	2.6.1.16
Q5NII8	5.4.2.10
Q5NNZ8	3.1.3.1
Q5P5G2	6.4.1.8
Q5P5G3	6.4.1.8
Q5P5G4	6.4.1.8
Q5P5G5	6.4.1.8
Q5P5G6	6.4.1.8
Q5P5I4	1.1.1.311
Q5SGX1	6.1.1.20
Q5SGX2	6.1.1.20
Q5SH23	6.3.2.43
Q5SH28	2.4.1.18
Q5SHD6	4.2.3.3
Q5SHF5	6.3.2.1
Q5SHQ9	2.7.4.3
Q5SHU9	5.4.99.12
Q5SHZ3	6.3.2.4
Q5SI28	6.3.5.2
Q5SIC2	6.1.1.23
Q5SII2	2.1.1.178
Q5SIJ1	1.1.1.87
Q5SIL5	4.2.1.10
Q5SIY4	1.1.1.85
Q5SJ79	1.9.3.1
Q5SJ80	1.9.3.1
Q5SJ85	3.5.3.24
Q5SJA1	1.1.1.27
Q5SJF8	1.1.1.25
Q5SJP7	1.5.1.36
Q5SJP8	1.14.14.9
Q5SJR1	5.3.1.1
Q5SJS9	2.7.7.3
Q5SK01	2.1.1.176
Q5SK48	2.5.1.120
Q5SK49	4.2.1.151
Q5SKD2	6.1.1.12
Q5SKN7	4.1.1.11
Q5SKN9	6.2.1.3
Q5SKS4	1.1.1.103
Q5SKT7	3.2.2.26
Q5SKZ7	1.6.5.11
Q5SL28	1.18.1.2
Q5SL87	3.6.4.12
Q5SLL0	4.3.2.1
Q5SLL5	4.1.1.49
Q5SLL6	5.3.1.9
Q5SLM3	3.4.17.19
Q5SLR3	1.2.4.4
Q5SLR4	1.2.4.4
Q5SLV5	2.7.4.6
Q5SM25	3.1.3.7
Q5X9P3	3.4.22.10
Q5XBN5	6.1.1.13
Q5XD01	4.2.1.11
Q5XE14	3.5.4.33
Q5ZV56	2.7.8.24
Q5ZXD1	4.3.2.2
Q5ZXH8	3.2.1.184
Q5ZXH9	2.5.1.101
Q5ZXI0	2.7.7.82
Q60028	4.1.1.39
Q606Q2	1.1.1.23
Q607G3	1.14.18.3
Q609I3	2.7.1.90
Q63FA5	1.5.1.49
Q63VS8	2.4.2.9
Q63X76	2.1.1.182
Q63YH5	2.5.1.6
Q65CX4	3.2.1.23
Q65CX5	3.2.1.89
Q65EX3	2.3.2.22
Q65NN2	1.2.1.88
Q6BF16	4.1.2.21
Q6BF17	4.2.1.6
Q6F7B8	1.2.1.n2
Q6FFQ0	1.2.1.26
Q6FFQ2	4.2.1.40
Q6G1R9	2.1.1.228
Q6G2A9	2.7.7.n1
Q6G2G3	1.17.1.8
Q6H941	1.14.15.3
Q6HMS8	1.5.1.49
Q6HMS9	4.2.1.77
Q6HSF4	1.1.1.37
Q6M6E7	3.1.3.11
Q6MDE0	2.6.1.83
Q6N5P6	6.1.1.15
Q6N8N2	1.14.99.15
Q6NAM1	3.8.1.3
Q6NCZ6	2.3.1.229
Q6V1L5	2.7.2.8
Q727P3	1.2.2.3
Q72J35	2.4.2.9
Q72J47	5.3.1.6
Q72JK8	3.5.3.24
Q72K16	6.2.1.30
Q72LL6	2.6.1.39
Q72NJ3	2.6.1.83
Q73CR9	1.5.1.49
Q73CS0	4.2.1.77
Q73E41	3.6.3.8
Q73Q47	1.3.1.44
Q73T33	2.7.2.1
Q73WU1	2.4.1.266
Q746I8	5.3.3.2
Q74C76	2.3.1.182
Q74HL7	1.5.1.36
Q74HL8	1.5.1.36
Q74K42	2.4.1.9
Q796C3	4.2.1.137
Q79LY0	3.1.3.48
Q79PF4	2.7.11.1
Q7A0G9	4.3.2.2
Q7A649	1.14.99.48
Q7A827	1.14.99.48
Q7AKQ5	3.4.25.1
Q7AKQ6	3.4.25.1
Q7CFU4	5.2.1.8
Q7CHH5	5.4.99.5
Q7CP78	3.5.99.10
Q7CQ56	4.1.3.36
Q7CQV5	3.4.19.5
Q7CRQ0	1.1.1.203
Q7CVK1	1.5.1.49
Q7CWR3	6.2.1.n2
Q7D5C1	1.3.99.4
Q7DBF3	2.6.1.102
Q7DBF7	2.3.1.227
Q7DDR9	2.7.7.n1
Q7MGG3	3.5.4.25
Q7MSJ8	1.8.99.1
Q7MUW6	3.4.14.12
Q7N8B1	2.4.2.31
Q7N9M5	2.3.2.22
Q7NDX4	2.6.1.83
Q7NGR7	2.1.3.3
Q7NU77	5.1.1.8
Q7NXD4	3.1.3.97
Q7SIC7	2.4.2.21
Q7TXK8	2.3.1.41
Q7TXL6	2.3.1.41
Q7TXL8	2.3.1.41
Q7TXL9	2.3.1.41
Q7TXM0	2.3.1.41
Q7U0X3	2.7.13.3
Q7U2S7	2.7.1.175
Q7U4Z8	2.1.1.156
Q7U4Z9	2.1.1.161
Q7V6D4	4.1.99.5
Q7WD07	3.1.1.77
Q7WF17	2.7.7.70
Q7WG29	3.1.3.82
Q7WGU8	2.7.1.167
Q7WLV0	2.7.11.1
Q7WZY5	2.7.13.3
Q819E8	5.3.2.5
Q819Q0	6.3.2.13
Q81CK1	3.5.1.9
Q81G39	6.1.1.13
Q81GI3	1.3.1.9
Q81HB0	1.5.1.49
Q81HB1	4.2.1.77
Q81JG3	2.7.8.7
Q81K13	2.5.1.7
Q81K75	5.3.1.9
Q81LV1	3.1.21.2
Q81M99	2.1.3.3
Q81MB5	2.5.1.78
Q81MQ2	2.3.1.89
Q81NT5	3.4.19.3
Q81Q29	6.3.2.4
Q81RQ4	4.2.1.118
Q81SV8	2.7.4.6
Q81T09	2.4.2.1
Q81U22	4.99.1.1
Q81VN7	5.4.2.10
Q81WH6	2.7.11.1
Q81X75	2.7.2.3
Q81X77	5.4.2.12
Q81XR2	5.1.1.7
Q81ZG3	2.5.1.n9
Q825I8	1.14.15.11
Q829W3	1.2.1.12
Q82IY3	1.14.13.133
Q82IY4	4.2.3.7
Q82IY7	1.14.11.36
Q82IY8	1.14.13.171
Q82IY9	1.1.1.340
Q82IZ1	1.14.11.35
Q82IZ2	1.2.1.12
Q82K09	3.5.4.40
Q82LU9	1.3.1.86
Q82NR8	3.2.1.165
Q82RR7	4.2.3.96
Q82UI9	3.6.1.25
Q831P9	2.7.7.3
Q831V1	2.7.4.22
Q831Y0	2.4.2.22
Q833V7	3.4.24.30
Q834R3	2.1.1.45
Q836H8	2.3.1.89
Q836J0	5.1.1.3
Q837U7	2.1.3.6
Q837V6	6.5.1.2
Q838U8	2.4.2.31
Q83AB0	3.6.1.7
Q83AC2	2.1.1.182
Q83B44	4.2.1.11
Q83BJ0	1.1.1.94
Q83BZ6	6.3.5.2
Q83BZ9	6.3.2.4
Q83CW4	3.2.2.27
Q83DJ2	3.4.21.92
Q83E06	4.1.1.23
Q83E11	2.5.1.19
Q83EM7	2.7.7.3
Q83PB7	4.1.1.37
Q840P7	2.7.13.3
Q87P32	2.7.7.n1
Q881J7	2.7.13.3
Q888H1	1.1.1.203
Q88E47	1.13.11.5
Q88EI9	2.7.2.4
Q88ER1	2.1.1.80
Q88FF8	1.6.5.2
Q88FX8	1.17.2.1
Q88FX9	1.17.2.1
Q88FY1	1.13.11.9
Q88FY2	1.14.13.114
Q88FY3	3.5.1.106
Q88FY5	3.5.1.107
Q88JX5	1.13.11.57
Q88JX8	4.2.1.83
Q88JX9	4.1.3.17
Q88JY0	5.3.2.8
Q88NN6	1.1.1.203
Q88RB9	2.6.1.48
Q88VJ8	2.5.1.31
Q89FH0	4.2.1.81
Q89GE3	3.5.5.1
Q89GR3	6.2.1.n2
Q89LF9	2.7.8.24
Q89PT3	3.5.5.7
Q89VI2	2.3.1.228
Q89VT8	6.2.1.n2
Q89YR9	4.2.2.8
Q8A1E9	2.1.3.9
Q8A1G3	3.2.1.1
Q8A2I1	4.2.2.21
Q8A6L0	3.2.1.22
Q8A861	5.1.1.20
Q8A8Y4	2.4.1.320
Q8AAI7	3.1.3.83
Q8CM25	1.10.3.9
Q8CVD0	1.3.99.33
Q8CWR6	2.4.1.157
Q8CY42	2.7.6.5
Q8DIS5	4.1.1.39
Q8DIV4	1.10.3.9
Q8DK70	1.17.7.1
Q8DLG8	3.6.3.14
Q8DLI5	6.1.1.17
Q8DLP3	3.6.3.14
Q8DNY1	2.3.1.n4
Q8DP63	3.5.1.104
Q8DPS0	4.2.1.11
Q8DR19	5.3.3.14
Q8DR60	3.2.1.97
Q8DR77	3.2.1.180
Q8DRN3	2.3.1.n2
Q8DTN6	3.1.3.7
Q8DTS9	4.2.1.11
Q8DUI9	5.3.3.2
Q8DUW4	4.2.1.10
Q8DV44	2.7.2.8
Q8DW19	2.1.3.6
Q8E186	6.3.2.9
Q8E372	3.2.1.180
Q8E9K5	2.7.7.n1
Q8E9N3	1.1.1.85
Q8EAC7	1.7.2.2
Q8EE30	3.1.26.4
Q8EIX3	2.7.11.1
Q8EJI6	1.8.99.1
Q8EJM6	3.1.4.52
Q8EK32	3.5.1.42
Q8EVF5	2.1.3.3
Q8F4I0	2.3.1.31
Q8FBQ3	2.3.1.210
Q8FDQ2	5.3.1.13
Q8FHC7	4.2.1.8
Q8FI04	2.7.1.148
Q8FV25	2.3.1.117
Q8FYS0	5.1.1.8
Q8G2I3	4.2.1.77
Q8GBB2	2.1.1.220
Q8KCB2	1.18.1.2
Q8KES3	1.1.1.325
Q8L1Z5	5.3.1.1
Q8NLB6	1.14.13.24
Q8NNF6	1.2.4.1
Q8NNJ2	2.3.1.12
Q8NNK8	2.4.1.57
Q8NP73	5.1.1.7
Q8NQE1	6.3.2.n2
Q8NTA6	2.4.1.250
Q8NTE1	1.8.1.4
Q8NW68	6.1.1.3
Q8NXE1	2.3.1.179
Q8NXI6	3.1.31.1
Q8P3J4	2.4.1.321
Q8P3K1	5.1.3.29
Q8P3K2	4.2.1.68
Q8P833	5.1.1.8
Q8P8J2	2.1.3.9
Q8PDA8	1.13.11.11
Q8RHX1	4.3.1.14
Q8RHX3	1.4.1.11
Q8RHX4	5.4.3.2
Q8RHX7	5.4.3.3
Q8RHX8	5.4.3.3
Q8RM02	6.4.1.6
Q8RM03	6.4.1.6
Q8RM04	6.4.1.6
Q8RQP5	4.6.1.12
Q8RSU9	5.1.1.1
Q8UH56	1.2.1.8
Q8VJU4	4.1.3.1
Q8X5X6	2.8.3.8
Q8X7P1	2.7.7.13
Q8X7P7	5.1.3.26
Q8X8Y7	2.3.1.117
Q8XA47	2.7.13.3
Q8XLE8	4.1.1.31
Q8Y3R9	2.7.1.85
Q8Y489	2.3.1.200
Q8Y4A6	2.7.1.39
Q8Y4C4	2.5.1.7
Q8Y5E4	2.7.7.85
Q8Y678	3.1.3.16
Q8Y6C8	2.5.1.n9
Q8Y776	1.3.1.98
Q8Y7N7	5.1.1.3
Q8Y8D7	2.7.1.23
Q8Y8Q5	3.6.3.8
Q8Y9N5	1.1.1.25
Q8YF86	5.3.1.9
Q8YFC9	6.3.2.1
Q8YFD6	5.1.1.8
Q8YG65	2.7.6.5
Q8YGH2	2.5.1.78
Q8YHF1	2.5.1.55
Q8YK97	1.13.11.61
Q8YLG0	3.1.4.53
Q8YQB1	3.4.19.5
Q8Z5I4	2.7.7.33
Q8Z9U1	1.3.1.9
Q8ZA87	2.7.2.8
Q8ZAX1	4.2.1.10
Q8ZB39	2.1.3.2
Q8ZBK7	6.3.2.1
Q8ZH69	2.3.1.117
Q8ZI56	4.1.99.12
Q8ZIE7	6.3.2.4
Q8ZIE8	6.3.2.8
Q8ZIV7	6.3.4.4
Q8ZJF2	6.1.1.2
Q8ZJN9	2.7.7.3
Q8ZKF6	6.2.1.1
Q8ZKT7	5.3.1.31
Q8ZKU8	2.7.11.1
Q8ZL58	4.2.1.42
Q8ZM82	5.3.3.2
Q8ZN75	3.5.1.18
Q8ZND6	2.3.1.8
Q8ZNF3	2.6.1.87
Q8ZNF9	4.2.1.90
Q8ZNT7	4.4.1.15
Q8ZPP6	2.7.13.3
Q8ZPR4	1.1.1.282
Q8ZQ06	3.2.1.52
Q8ZR95	3.6.3.54
Q8ZRM2	3.1.2.6
Q8ZRR1	6.3.2.1
Q926Y3	2.7.1.85
Q92AT0	2.4.1.333
Q92G53	3.1.4.4
Q92LF6	1.14.11.n3
Q92PB6	4.2.1.2
Q92PC8	1.13.11.79
Q92WR9	4.2.1.77
Q92Y45	1.8.4.11
Q939D2	1.11.1.21
Q93J06	3.1.1.3
Q93K97	3.6.1.13
Q93TN0	1.3.7.5
Q93UJ2	5.3.1.28
Q97D82	1.11.1.1
Q97D83	1.11.1.1
Q97FZ9	1.11.1.1
Q97GB9	1.15.1.2
Q97GC0	1.6.3.4
Q97K92	1.6.3.4
Q97L63	4.1.99.14
Q97LU2	1.3.1.44
Q97MK4	5.1.1.20
Q97PA9	2.7.11.1
Q97PS1	6.3.2.7
Q97QS2	4.2.1.11
Q97R83	2.7.4.22
Q983B0	2.5.1.78
Q986N2	2.5.1.78
Q988B7	1.1.1.107
Q988B8	2.6.1.30
Q988B9	3.1.1.27
Q988D4	3.5.1.29
Q989T9	1.14.11.n3
Q98I56	3.1.3.82
Q98MN3	2.7.8.24
Q99040	3.2.1.70
Q99SD6	1.2.1.3
Q99SZ7	2.7.13.3
Q99UN8	2.3.1.39
Q99VW1	2.7.13.3
Q9A076	2.4.2.10
Q9A0T3	3.2.1.180
Q9A196	6.3.2.7
Q9A1B7	5.1.1.3
Q9A4L8	4.2.1.8
Q9A6Q5	4.1.99.17
Q9A9H3	2.6.1.102
Q9AAR4	4.2.1.8
Q9ABR0	2.7.8.31
Q9AEM1	4.1.1.32
Q9AL95	1.18.1.1
Q9CFU9	3.6.3.8
Q9CKP2	5.2.1.8
Q9EZ02	2.7.1.90
Q9F1Y5	2.1.1.255
Q9F1Y6	4.2.3.118
Q9F284	3.2.1.157
Q9FA38	4.2.1.147
Q9FCA6	1.14.21.7
Q9FCA7	2.3.1.233
Q9HTB6	1.1.1.281
Q9HTH8	1.1.1.108
Q9HTJ1	1.2.1.8
Q9HTK9	1.18.1.1
Q9HTN2	2.7.2.8
Q9HTQ0	1.4.99.1
Q9HTQ2	5.1.1.1
Q9HU05	5.4.99.5
Q9HU15	2.3.1.180
Q9HU21	5.1.3.13
Q9HUF7	2.7.10.2
Q9HUI9	2.6.1.84
Q9HUN4	5.1.1.1
Q9HUU1	4.1.1.3
Q9HVC3	3.1.1.29
Q9HVD1	3.1.1.77
Q9HVW0	5.3.1.13
Q9HWC1	2.7.1.33
Q9HXE3	1.4.99.1
Q9HXE9	2.7.8.24
Q9HYV7	2.3.1.207
Q9HZ76	2.6.1.98
Q9HZE0	1.4.1.2
Q9HZK1	2.4.2.44
Q9HZQ8	3.4.11.1
Q9HZX3	2.3.2.13
Q9HZY8	3.1.1.1
Q9I0R2	1.14.15.3
Q9I194	3.5.1.97
Q9I1S2	1.4.99.5
Q9I1X7	6.5.1.1
Q9I234	3.5.1.9
Q9I2N0	3.1.4.1
Q9I2Y2	3.1.3.3
Q9I3S3	3.5.3.7
Q9I3W9	1.1.1.290
Q9I476	5.1.1.8
Q9I489	4.2.1.77
Q9I492	1.5.1.21
Q9I4K6	2.5.1.18
Q9I4U2	3.5.1.97
Q9I4V0	1.13.12.16
Q9I4X3	6.2.1.32
Q9I596	3.5.1.23
Q9I5A5	2.3.1.8
Q9I6K2	3.5.3.17
Q9I6M4	2.6.1.48
Q9I6M5	1.2.1.20
Q9I6Y4	3.5.4.2
Q9I6Z0	3.5.4.32
Q9I700	2.6.1.18
Q9I767	3.1.3.5
Q9JMQ2	3.6.1.1
Q9JYL2	3.5.1.18
Q9JYM0	1.8.1.8
Q9JYY8	2.1.1.264
Q9JZ55	2.5.1.55
Q9JZG1	2.3.3.13
Q9K0I2	2.7.9.2
Q9K0V4	2.1.1.173
Q9K499	4.2.3.37
Q9K864	1.21.98.1
Q9K9B2	1.2.1.88
Q9K9G8	3.5.99.2
Q9KAG8	2.7.1.92
Q9KB30	3.2.1.156
Q9KCA6	2.5.1.19
Q9KCL9	5.3.1.14
Q9KEI9	3.1.26.4
Q9KFH7	1.17.4.1
Q9KJN3	2.7.13.3
Q9KJY8	2.7.8.24
Q9KKZ4	2.7.7.65
Q9KL03	2.3.1.57
Q9KM66	2.7.13.3
Q9KMY3	1.14.12.17
Q9KNV2	4.2.3.4
Q9KNV7	6.1.1.2
Q9KNX6	5.2.1.8
Q9KPB6	2.7.8.7
Q9KPK8	3.2.2.27
Q9KPM0	2.4.2.1
Q9KQG2	1.2.1.11
Q9KQH7	1.1.1.100
Q9KQH9	2.3.1.179
Q9KQT7	4.1.1.23
Q9KRB0	2.5.1.19
Q9KRL3	1.5.1.43
Q9KSM5	3.5.4.5
Q9KU37	3.2.1.52
Q9KUA9	2.7.1.8
Q9KUY4	5.3.1.9
Q9KV40	1.3.1.98
Q9KVD5	2.4.2.10
Q9KVL2	3.1.4.52
Q9KVL7	4.1.1.20
Q9KVT3	1.1.1.25
Q9KWQ5	1.13.11.25
Q9KWQ6	3.7.1.17
Q9KXN0	3.2.2.26
Q9KY04	2.4.99.16
Q9KZF5	1.14.21.7
Q9L1K2	2.4.99.16
Q9L1L8	2.7.1.11
Q9LA06	3.4.21.107
Q9LCY2	2.1.1.170
Q9PIB4	6.1.1.2
Q9PIC1	4.1.1.23
Q9PIG7	2.7.4.6
Q9PIH3	2.6.1.52
Q9PIK2	6.3.2.1
Q9PIK3	4.1.1.11
Q9PIM1	2.3.1.129
Q9PLW0	1.1.1.85
Q9PM24	5.1.1.3
Q9PM40	3.1.26.3
Q9PM74	5.3.1.16
Q9PMG4	6.3.4.4
Q9PMQ5	2.7.2.3
Q9PN97	4.4.1.21
Q9PNC0	6.1.1.19
Q9PNU6	2.1.3.3
Q9PPX6	2.7.4.22
Q9RFD6	1.3.7.7
Q9RGX8	3.2.1.81
Q9RJH9	1.11.1.21
Q9RP48	2.4.99.16
Q9RPT1	1.1.1.100
Q9RR46	3.6.3.32
Q9RR97	1.14.13.165
Q9RRH3	2.7.11.1
Q9RT63	3.6.4.12
Q9RUB5	2.2.1.7
Q9RUN7	6.1.1.12
Q9RVD6	6.1.1.2
Q9RVH4	6.1.1.23
Q9RWH9	3.2.2.27
Q9S1E5	1.7.2.2
Q9S2A5	3.1.1.3
Q9S400	2.5.1.19
Q9S498	4.1.99.19
Q9S5X0	3.6.1.1
Q9WXM1	5.1.1.20
Q9WXP6	3.5.4.16
Q9WY43	2.7.7.85
Q9WY52	2.7.1.11
Q9WY54	2.1.2.10
Q9WY73	6.3.2.8
Q9WYB1	2.7.2.1
Q9WYC5	2.7.1.90
Q9WYD1	2.2.1.2
Q9WYG7	4.1.1.23
Q9WYH1	3.1.1.1
Q9WYH8	2.5.1.54
Q9WYI1	1.1.1.25
Q9WYJ7	3.1.21.2
Q9WYN9	3.1.1.61
Q9WYR4	4.2.2.22
Q9WYV8	2.1.1.297
Q9WYW2	6.1.1.2
Q9WYZ1	3.4.25.2
Q9WZ26	1.1.1.85
Q9WZC1	2.8.4.3
Q9WZC2	2.5.1.16
Q9WZC3	4.1.1.50
Q9WZI0	2.4.2.9
Q9WZK0	2.7.7.3
Q9WZW0	5.4.99.25
Q9WZY5	2.7.1.33
Q9X0G6	6.3.2.1
Q9X0I0	4.3.2.2
Q9X0I6	3.1.26.3
Q9X0R7	4.2.3.3
Q9X0X1	6.3.5.3
Q9X0X3	6.3.5.3
Q9X0Y2	2.6.1.1
Q9X0Z9	6.3.5.7
Q9X172	6.1.1.17
Q9X1A5	5.3.1.9
Q9X1C0	2.6.1.51
Q9X1C1	1.1.1.81
Q9X1H5	4.2.1.70
Q9X1K5	4.1.1.20
Q9X1K8	1.17.1.8
Q9X1N5	2.7.8.33
Q9X1P5	4.1.2.4
Q9X1P7	2.4.2.29
Q9X1S1	2.7.1.165
Q9X1X6	1.4.1.21
Q9X278	2.7.2.7
Q9X2A1	6.3.4.5
Q9X2A4	2.7.2.8
Q9X2F4	3.2.1.54
Q9X2H6	2.8.4.4
Q9X2H9	3.1.21.7
Q9X2I8	6.1.1.17
Q9X5C9	1.1.1.24
Q9X712	2.1.2.11
Q9X713	6.3.2.1
Q9X913	3.6.1.1
Q9XAK6	3.4.13.22
Q9XDM4	2.7.1.177
Q9XDN5	2.3.1.222
Q9Z4J7	1.1.2.8
Q9Z4P0	1.3.5.4
Q9Z4Z5	1.14.11.39
Q9Z6M7	4.1.1.19
Q9Z8L0	4.1.1.61
Q9ZBQ7	3.1.26.3
Q9ZCD3	3.4.11.18
Q9ZCQ4	4.2.1.2
Q9ZDJ5	5.1.3.2
Q9ZEP3	2.7.13.3
Q9ZFA4	3.4.21.88
Q9ZHF6	2.7.7.7
Q9ZKJ5	2.7.11.1
Q9ZLB9	3.5.1.1
Q9ZLT0	5.1.1.3
Q9ZND9	4.2.1.36
Q9ZNE0	4.2.1.36
